{"labels": ["Kills", "Deaths", "Assists", "TotalGold", "AvgLevel", "TotalExperience", "WardsPlaced", "WardsDestroyed"], "win": [7.201622718052739, 5.1403651115618665, 7.771805273833672, 17145.263894523327, 7.025395537525356, 18404.57789046653, 22.289858012170384, 2.9212981744421906], "lose": [5.170135380885028, 7.131137603556274, 5.522731865023237, 15864.111133562335, 6.807031723580521, 17453.47161042635, 22.28672459082643, 2.728834107900586]}