{
    "Vision": 0.030869580040134934,
    "Combat": 0.09129006157034991,
    "Objectives": 0.1593525086683349,
    "Minions": 0.1860674401053334,
    "FirstBlood": 0.2017410669096072,
    "Experience": 0.4406854390985625,
    "Gold": 0.4465577907453843
}