{
  "labels": [
    "Kills",
    "Assists",
    "TowersDestroyed",
    "EliteMonsters",
    "GoldPerMin"
  ],
  "winning_team": [
    7.166312379795526,
    7.76617066504707,
    0.07257819617370179,
    0.700374531835206,
    1712.3178459358235
  ],
  "losing_team": [
    5.155278874379998,
    5.54104666464217,
    0.021864561190403888,
    0.4227148496811418,
    1586.9318453284745
  ]
}