{
  "labels": [
    "GoldDiff",
    "ExperienceDiff",
    "GoldPerMin",
    "TotalGold",
    "TotalExperience",
    "AvgLevel",
    "Deaths",
    "Kills",
    "Assists"
  ],
  "winning_team": [
    1253.8600060734893,
    940.1478894624962,
    1712.3178459358235,
    17123.178459358234,
    18414.994230185242,
    7.029011033505416,
    5.155278874379998,
    7.166312379795526,
    7.76617066504707
  ],
  "losing_team": [
    -1253.8600060734893,
    -940.1478894624962,
    1586.9318453284745,
    15869.318453284746,
    17474.846340722746,
    6.8123089381516335,
    7.166312379795526,
    5.155278874379998,
    5.54104666464217
  ]
}