{
    "Gold": 0.12576923076923094,
    "Experience": 0.019878542510121555,
    "Objectives": 0.006032388663967736,
    "Vision": 0.001538461538461633,
    "Minions": 0.0010728744939272452
}