{
  "labels": [
    "WardsPlaced",
    "WardsDestroyed",
    "FirstBlood",
    "Kills",
    "Deaths",
    "Assists",
    "EliteMonsters",
    "Dragons",
    "Heralds",
    "TowersDestroyed",
    "TotalGold",
    "AvgLevel",
    "TotalExperience",
    "TotalMinionsKilled",
    "TotalJungleMinionsKilled"
  ],
  "winning_team": [
    0.5098209082004518,
    0.5386038319943586,
    0.6938514192005273,
    0.658977288368027,
    0.3410227116319729,
    0.6626637726101862,
    0.7329878180634457,
    0.748236068849384,
    0.6975556094468127,
    0.9167964047829227,
    0.5379495867881015,
    0.5156523360285775,
    0.5261774137061694,
    0.5220281778031612,
    0.523709525895824
  ],
  "losing_team": [
    0.4901790917995482,
    0.4613961680056413,
    0.30614858079947277,
    0.3410227116319729,
    0.658977288368027,
    0.3373362273898137,
    0.2670121819365543,
    0.2517639311506161,
    0.3024443905531873,
    0.0832035952170773,
    0.4620504132118986,
    0.48434766397142254,
    0.47382258629383045,
    0.4779718221968388,
    0.47629047410417613
  ]
}