{
    "Gold": 1.0980281829833984,
    "Experience": 0.3842128813266754,
    "Objectives": 0.2556435167789459,
    "Tempo": 0.12973517179489136,
    "Combat": 0.2000410556793213
}