{
  "labels": [
    "WardsPlaced",
    "WardsDestroyed",
    "FirstBlood",
    "Kills",
    "Deaths",
    "Assists",
    "EliteMonsters",
    "Dragons",
    "Heralds",
    "TowersDestroyed",
    "TotalGold",
    "AvgLevel",
    "TotalExperience",
    "TotalMinionsKilled",
    "TotalJungleMinionsKilled"
  ],
  "winning_team": [
    22.547423828322703,
    2.881263285757668,
    0.6008705334548031,
    7.166312379795526,
    5.155278874379998,
    7.76617066504707,
    0.700374531835206,
    0.49053547929952424,
    0.20983905253568175,
    0.07257819617370179,
    17123.178459358234,
    7.029011033505416,
    18414.994230185242,
    221.80736916691973,
    52.11914161352364
  ],
  "losing_team": [
    22.10881668185039,
    2.666767891486993,
    0.3991294665451969,
    5.155278874379998,
    7.166312379795526,
    5.54104666464217,
    0.4227148496811418,
    0.28454296993622835,
    0.13817187974491346,
    0.021864561190403888,
    15869.318453284746,
    6.8123089381516335,
    17474.846340722746,
    212.24142119647738,
    49.703613726085635
  ]
}