{
  "labels": [
    "TotalGold",
    "TotalExperience",
    "FirstBlood",
    "Assists",
    "EliteMonsters",
    "Kills",
    "Deaths",
    "AvgLevel",
    "WardsPlaced",
    "TotalMinionsKilled"
  ],
  "winning_team": [
    1.0,
    1.0,
    1.0,
    1.0,
    1.0,
    1.0,
    0.7193768009492061,
    1.0,
    1.0,
    1.0
  ],
  "losing_team": [
    0.9267741086125151,
    0.9489466096100406,
    0.6642520215633423,
    0.7134850499204922,
    0.6035554270848388,
    0.7193768009492061,
    1.0,
    0.9691703293221733,
    0.9805473498962944,
    0.9568727224601652
  ]
}